ds,y
2007-12-10,9.5908
2007-12-11,8.5196
2007-12-12,8.1837
2007-12-13,8.0725
2007-12-14,7.8936
2007-12-15,7.7836
2007-12-16,8.4141
2007-12-17,8.8292
2007-12-18,8.3825
2007-12-19,8.0697
2007-12-20,7.8793
2007-12-21,7.7617
2007-12-22,7.5294
2007-12-23,8.3853
2007-12-24,8.6201
2007-12-25,7.8524
2007-12-26,7.8540
2007-12-27,8.0520
2007-12-28,7.9266
2007-12-29,7.8383
2007-12-30,9.7031
2007-12-31,9.3860
2008-01-01,8.2938
2008-01-02,8.4347
2008-01-03,8.2620
2008-01-04,8.1068
2008-01-05,7.9501
2008-01-06,9.5093
2008-01-07,8.8468
2008-01-08,8.4305
2008-01-09,8.2483
2008-01-10,8.2817
2008-01-11,8.2928
2008-01-12,8.1992
2008-01-13,9.9965
2008-01-14,10.1271
2008-01-15,8.9338
2008-01-16,8.5662
2008-01-17,8.5477
2008-01-18,8.3998
2008-01-19,8.2231
2008-01-20,8.8390
2008-01-21,10.8972
2008-01-22,9.4449
2008-01-23,8.9233
2008-01-24,8.5434
2008-01-25,8.4956
2008-01-26,8.4174
2008-01-27,8.5726
2008-01-28,8.7365
2008-01-29,8.6341
2008-01-30,8.6735
2008-01-31,8.7489
2008-02-01,8.8242
2008-02-02,8.5380
2008-02-03,9.6981
2008-02-04,12.0975
2008-02-05,10.6353
2008-02-06,9.6917
2008-02-07,9.3156
2008-02-08,8.9708
2008-02-09,8.5891
2008-02-10,8.6174
2008-02-11,8.6163
2008-02-12,8.2155
2008-02-13,8.0650
2008-02-14,8.1134
2008-02-15,7.7993
2008-02-16,7.6275
2008-02-17,7.5559
2008-02-18,7.7115
2008-02-19,7.7886
2008-02-20,7.7084
2008-02-21,7.7685
2008-02-22,7.6953
2008-02-23,7.3784
2008-02-24,7.9106
2008-02-25,7.6266
2008-02-26,7.5735
2008-02-27,7.5679
2008-02-28,7.5600
2008-02-29,7.5522
2008-03-01,7.4446
2008-03-02,7.3369
2008-03-03,7.5995
2008-03-04,7.8621
2008-03-05,8.1247
2008-03-06,7.8876
2008-03-07,7.8196
2008-03-08,7.3840
2008-03-09,7.8144
2008-03-10,7.5422
2008-03-11,7.5486
2008-03-12,7.6889
2008-03-13,7.4770
2008-03-14,7.3588
2008-03-15,7.0326
2008-03-16,7.1180
2008-03-17,7.3499
2008-03-18,7.3265
2008-03-19,7.3639
2008-03-20,7.2779
2008-03-21,7.2513
2008-03-22,7.0022
2008-03-23,7.1639
2008-03-24,7.7592
2008-03-25,7.5186
2008-03-26,7.4140
2008-03-27,7.4425
2008-03-28,7.2284
2008-03-29,6.9912
2008-03-30,7.2116
2008-03-31,7.3112
2008-04-01,7.3492
2008-04-02,7.5143
2008-04-03,7.3933
2008-04-04,7.2862
2008-04-05,7.2731
2008-04-06,7.1686
2008-04-07,7.6113
2008-04-08,7.6178
2008-04-09,7.4260
2008-04-10,8.1820
2008-04-11,7.3994
2008-04-12,7.1066
2008-04-13,7.0809
2008-04-14,7.4212
2008-04-15,7.4916
2008-04-16,7.3859
2008-04-17,7.6829
2008-04-18,7.6889
2008-04-19,7.2591
2008-04-20,8.1450
2008-04-21,8.7139
2008-04-22,8.0910
2008-04-23,7.8403
2008-04-24,7.6487
2008-04-25,8.0209
2008-04-26,7.8300
2008-04-27,7.7275
2008-04-28,7.8360
2008-04-29,7.6266
2008-04-30,7.6444
2008-05-01,7.5486
2008-05-02,7.4407
2008-05-03,7.0733
2008-05-04,7.0264
2008-05-05,7.3920
2008-05-06,7.2930
2008-05-07,7.3614
2008-05-08,7.5126
2008-05-09,7.4605
2008-05-10,7.1148
2008-05-11,7.1253
2008-05-12,7.4559
2008-05-13,7.3172
2008-05-14,7.4103
2008-05-15,7.4025
2008-05-16,7.2944
2008-05-17,6.9893
2008-05-18,6.9930
2008-05-19,7.4313
2008-05-20,7.3620
2008-05-21,7.4547
2008-05-22,7.3683
2008-05-23,7.1436
2008-05-24,6.8352
2008-05-25,6.8906
2008-05-26,6.9745
2008-05-27,7.2661
2008-05-28,7.2703
2008-05-29,7.2654
2008-05-30,7.1577
2008-05-31,6.8659
2008-06-01,6.9619
2008-06-02,7.0579
2008-06-03,7.1538
2008-06-04,7.2167
2008-06-05,7.2019
2008-06-06,7.2123
2008-06-07,7.1861
2008-06-08,6.8200
2008-06-09,6.8824
2008-06-10,7.1831
2008-06-11,7.2428
2008-06-12,7.1929
2008-06-13,7.1839
2008-06-14,6.9707
2008-06-15,6.9177
2008-06-16,7.2226
2008-06-17,7.3569
2008-06-18,7.2428
2008-06-19,7.2233
2008-06-20,7.1632
2008-06-21,7.2414
2008-06-22,6.9866
2008-06-23,6.9632
2008-06-24,7.2506
2008-06-25,7.1608
2008-06-26,7.1325
2008-06-27,7.0917
2008-06-28,7.0121
2008-06-29,6.8575
2008-06-30,6.8276
2008-07-01,6.9789
2008-07-02,7.1301
2008-07-03,7.2772
2008-07-04,7.0388
2008-07-05,6.8906
2008-07-06,6.9575
2008-07-07,7.2957
2008-07-08,7.4972
2008-07-09,7.3106
2008-07-10,7.2049
2008-07-11,7.2226
2008-07-12,7.2577
2008-07-13,7.2661
2008-07-14,7.2745
2008-07-15,7.2829
2008-07-16,7.2914
2008-07-17,7.2998
2008-07-18,7.3082
2008-07-19,7.3166
2008-07-20,7.3250
2008-07-21,7.3334
2008-07-22,7.3418
2008-07-23,7.3502
2008-07-24,7.3587
2008-07-25,7.3671
2008-07-26,7.3755
2008-07-27,7.3839
2008-07-28,7.3923
2008-07-29,7.4007
2008-07-30,7.4091
2008-07-31,7.4175
2008-08-01,7.4260
2008-08-02,7.1172
2008-08-03,7.2499
2008-08-04,8.2769
2008-08-05,7.6064
2008-08-06,7.6440
2008-08-07,8.0123
2008-08-08,7.9302
2008-08-09,7.5088
2008-08-10,7.5213
2008-08-11,7.5898
2008-08-12,7.5005
2008-08-13,7.3702
2008-08-14,7.3852
2008-08-15,7.3025
2008-08-16,7.2752
2008-08-17,7.3920
2008-08-18,7.5170
2008-08-19,7.9091
2008-08-20,7.7231
2008-08-21,7.6704
2008-08-22,7.6290
2008-08-23,7.4307
2008-08-24,7.5797
2008-08-25,7.9484
2008-08-26,7.7956
2008-08-27,8.0074
2008-08-28,7.7907
2008-08-29,7.8328
2008-08-30,7.5148
2008-08-31,7.6275
2008-09-01,7.8552
2008-09-02,7.9649
2008-09-03,7.7459
2008-09-04,8.0809
2008-09-05,8.2600
2008-09-06,7.7698
2008-09-07,8.1775
2008-09-08,9.2817
2008-09-09,8.3385
2008-09-10,7.8304
2008-09-11,7.8087
2008-09-12,7.8168
2008-09-13,7.5549
2008-09-14,8.5551
2008-09-15,8.2079
2008-09-16,8.0836
2008-09-17,7.7911
2008-09-18,7.6709
2008-09-19,7.6401
2008-09-20,7.5501
2008-09-21,8.2493
2008-09-22,8.3040
2008-09-23,8.1268
2008-09-24,7.7062
2008-09-25,7.6639
2008-09-26,7.5267
2008-09-27,7.9259
2008-09-28,7.9215
2008-09-29,8.0340
2008-09-30,7.7258
2008-10-01,7.6944
2008-10-02,7.4495
2008-10-03,7.3914
2008-10-04,7.3460
2008-10-05,8.1014
2008-10-06,8.1565
2008-10-07,7.9711
2008-10-08,7.8728
2008-10-09,7.6353
2008-10-10,7.5878
2008-10-11,7.3421
2008-10-12,8.1775
2008-10-13,8.3409
2008-10-14,8.4766
2008-10-15,7.8736
2008-10-16,7.7174
2008-10-17,7.4905
2008-10-18,7.3759
2008-10-19,8.0756
2008-10-20,8.1654
2008-10-21,7.9720
2008-10-22,7.7786
2008-10-23,7.5853
2008-10-24,7.6074
2008-10-25,7.2675
2008-10-26,8.0401
2008-10-27,8.1092
2008-10-28,8.8069
2008-10-29,7.7472
2008-10-30,7.4810
2008-10-31,7.3467
2008-11-01,7.2471
2008-11-02,7.9381
2008-11-03,9.0356
2008-11-04,8.0411
2008-11-05,7.4061
2008-11-06,7.9738
2008-11-07,7.7681
2008-11-08,7.4714
2008-11-09,8.0301
2008-11-10,8.7294
2008-11-11,7.9370
2008-11-12,7.6653
2008-11-13,7.5802
2008-11-14,7.7107
2008-11-15,7.2612
2008-11-16,8.0465
2008-11-17,8.0935
2008-11-18,7.7673
2008-11-19,7.4967
2008-11-20,7.5522
2008-11-21,7.4972
2008-11-22,7.3126
2008-11-23,7.9388
2008-11-24,9.0587
2008-11-25,8.1942
2008-11-26,7.5191
2008-11-27,7.5512
2008-11-28,7.7138
2008-11-29,7.6059
2008-11-30,8.4990
2008-12-01,8.2918
2008-12-02,7.8947
2008-12-03,7.7903
2008-12-04,7.6554
2008-12-05,7.6104
2008-12-06,7.5310
2008-12-07,8.2314
2008-12-08,8.0067
2008-12-09,7.8586
2008-12-10,7.6971
2008-12-11,7.5959
2008-12-12,7.7359
2008-12-13,7.3512
2008-12-14,8.0314
2008-12-15,8.3943
2008-12-16,7.8236
2008-12-17,8.0867
2008-12-18,7.7715
2008-12-19,8.6890
2008-12-20,7.7472
2008-12-21,7.9607
2008-12-22,8.6246
2008-12-23,7.9967
2008-12-24,7.6207
2008-12-25,7.4319
2008-12-26,7.4628
2008-12-27,7.4489
2008-12-28,8.2514
2008-12-29,8.5553
2008-12-30,8.3158
2008-12-31,8.3099
2009-01-01,7.7588
2009-01-02,8.8082
2009-01-03,9.1219
2009-01-04,10.1538
2009-01-05,9.2679
2009-01-06,8.4342
2009-01-07,8.1377
2009-01-08,8.0449
2009-01-09,8.2290
2009-01-10,8.1412
2009-01-11,9.2156
2009-01-12,8.7328
2009-01-13,8.5102
2009-01-14,8.1041
2009-01-15,7.9501
2009-01-16,7.8521
2009-01-17,7.6563
2009-01-18,8.0443
2009-01-19,8.8010
2009-01-20,7.8296
2009-01-21,7.7774
2009-01-22,7.9352
2009-01-23,7.6723
2009-01-24,7.3883
2009-01-25,7.5115
2009-01-26,7.6634
2009-01-27,7.7895
2009-01-28,7.8079
2009-01-29,7.8248
2009-01-30,7.9065
2009-01-31,7.7021
2009-02-01,8.4776
2009-02-02,9.1495
2009-02-03,8.0621
2009-02-04,8.0665
2009-02-05,8.0596
2009-02-06,8.0494
2009-02-07,7.7622
2009-02-08,8.0977
2009-02-09,8.0183
2009-02-10,7.6168
2009-02-11,7.8427
2009-02-12,7.7685
2009-02-13,7.5305
2009-02-14,7.3324
2009-02-15,7.2240
2009-02-16,7.4164
2009-02-17,7.4271
2009-02-18,7.3976
2009-02-19,7.4955
2009-02-20,7.3994
2009-02-21,7.0085
2009-02-22,7.1180
2009-02-23,7.4838
2009-02-24,7.5715
2009-02-25,7.6483
2009-02-26,7.4742
2009-02-27,7.4725
2009-02-28,7.2116
2009-03-01,7.3434
2009-03-02,7.4821
2009-03-03,7.4110
2009-03-04,7.4031
2009-03-05,7.4530
2009-03-06,7.4236
2009-03-07,7.0851
2009-03-08,7.2108
2009-03-09,7.3563
2009-03-10,7.3045
2009-03-11,7.4657
2009-03-12,7.8690
2009-03-13,7.2485
2009-03-14,7.0783
2009-03-15,7.2211
2009-03-16,7.3343
2009-03-17,7.2923
2009-03-18,7.2991
2009-03-19,7.2834
2009-03-20,7.3018
2009-03-21,7.0622
2009-03-22,7.1816
2009-03-23,7.5055
2009-03-24,7.8747
2009-03-25,7.5787
2009-03-26,7.3671
2009-03-27,7.2570
2009-03-28,7.0562
2009-03-29,7.5027
2009-03-30,7.4431
2009-03-31,7.4816
2009-04-01,7.4821
2009-04-02,7.5191
2009-04-03,7.6596
2009-04-04,7.2442
2009-04-05,7.2327
2009-04-06,7.3421
2009-04-07,7.4212
2009-04-08,7.4922
2009-04-09,7.3152
2009-04-10,7.1412
2009-04-11,7.0094
2009-04-12,7.0876
2009-04-13,7.3045
2009-04-14,7.3746
2009-04-15,7.5126
2009-04-16,7.5175
2009-04-17,7.3740
2009-04-18,7.1412
2009-04-19,7.1616
2009-04-20,7.4849
2009-04-21,7.5126
2009-04-22,7.4448
2009-04-23,7.4742
2009-04-24,7.6718
2009-04-25,7.8423
2009-04-26,7.9241
2009-04-27,7.8284
2009-04-28,7.5868
2009-04-29,7.6300
2009-04-30,7.7098
2009-05-01,7.5267
2009-05-02,7.1937
2009-05-03,7.2577
2009-05-04,7.4541
2009-05-05,7.4816
2009-05-06,7.5590
2009-05-07,7.4448
2009-05-08,7.3376
2009-05-09,7.1357
2009-05-10,7.0851
2009-05-11,7.2724
2009-05-12,7.5110
2009-05-13,7.4989
2009-05-14,7.4442
2009-05-15,7.4031
2009-05-16,6.9167
2009-05-17,6.9773
2009-05-18,7.4827
2009-05-19,7.4140
2009-05-20,7.3721
2009-05-21,7.3337
2009-05-22,7.3951
2009-05-23,7.0361
2009-05-24,6.8742
2009-05-25,6.9847
2009-05-26,7.4559
2009-05-27,7.4950
2009-05-28,7.3311
2009-05-29,7.1050
2009-05-30,6.9939
2009-05-31,6.9305
2009-06-01,7.2182
2009-06-02,7.4759
2009-06-03,7.3645
2009-06-04,7.2399
2009-06-05,7.3092
2009-06-06,7.1389
2009-06-07,6.9726
2009-06-08,7.1884
2009-06-09,7.3350
2009-06-10,7.3343
2009-06-11,7.4325
2009-06-12,7.3914
2009-06-13,6.9613
2009-06-14,7.0220
2009-06-15,7.2138
2009-06-16,7.5099
2009-06-17,7.3284
2009-06-18,7.4967
2009-06-19,7.2004
2009-06-20,7.0842
2009-06-21,7.1491
2009-06-22,7.2563
2009-06-23,7.1982
2009-06-24,7.2889
2009-06-25,7.1285
2009-06-26,7.0825
2009-06-27,6.8222
2009-06-28,6.9479
2009-06-29,7.1123
2009-06-30,7.1997
2009-07-01,7.3172
2009-07-02,7.0984
2009-07-03,7.0449
2009-07-04,7.3045
2009-07-05,7.7936
2009-07-06,7.8055
2009-07-07,7.4832
2009-07-08,7.3569
2009-07-09,7.5071
2009-07-10,7.3753
2009-07-11,7.1967
2009-07-12,7.2233
2009-07-13,7.3524
2009-07-14,7.3172
2009-07-15,7.4442
2009-07-16,7.3556
2009-07-17,7.3245
2009-07-18,7.2145
2009-07-19,7.2841
2009-07-20,7.5401
2009-07-21,7.4748
2009-07-22,7.8292
2009-07-23,7.6811
2009-07-24,7.7297
2009-07-25,7.3032
2009-07-26,7.2821
2009-07-27,7.4855
2009-07-28,7.6187
2009-07-29,7.6939
2009-07-30,7.5396
2009-07-31,7.4384
2009-08-01,7.2738
2009-08-02,7.3556
2009-08-03,7.6582
2009-08-04,7.8435
2009-08-05,8.3685
2009-08-06,8.1722
2009-08-07,7.8116
2009-08-08,7.5751
2009-08-09,7.6587
2009-08-10,7.8663
2009-08-11,7.7811
2009-08-12,7.7549
2009-08-13,7.7089
2009-08-14,8.2071
2009-08-15,7.7115
2009-08-16,7.7346
2009-08-17,7.9676
2009-08-18,8.4038
2009-08-19,8.2928
2009-08-20,7.9855
2009-08-21,8.6718
2009-08-22,7.7824
2009-08-23,7.7870
2009-08-24,7.9466
2009-08-25,8.1736
2009-08-26,7.8095
2009-08-27,7.8030
2009-08-28,8.0513
2009-08-29,7.9732
2009-08-30,7.8690
2009-08-31,8.1625
2009-09-01,8.0401
2009-09-02,7.9635
2009-09-03,7.8383
2009-09-04,7.9132
2009-09-05,7.9533
2009-09-06,8.0762
2009-09-07,7.9824
2009-09-08,8.1286
2009-09-09,7.9547
2009-09-10,8.1101
2009-09-11,8.2137
2009-09-12,8.0469
2009-09-13,8.9243
2009-09-14,8.6172
2009-09-15,8.5196
2009-09-16,8.0143
2009-09-17,8.0577
2009-09-18,8.1044
2009-09-19,7.9940
2009-09-20,8.4319
2009-09-21,9.7382
2009-09-22,10.1800
2009-09-23,9.2710
2009-09-24,8.3619
2009-09-25,8.7587
2009-09-26,9.1554
2009-09-27,9.5521
2009-09-28,9.9488
2009-09-29,8.7590
2009-09-30,8.2517
2009-10-01,8.0787
2009-10-02,8.1736
2009-10-03,7.8891
2009-10-04,9.0999
2009-10-05,9.4066
2009-10-06,9.1644
2009-10-07,8.4874
2009-10-08,8.4314
2009-10-09,8.2777
2009-10-10,8.3121
2009-10-11,8.7901
2009-10-12,10.2800
2009-10-13,9.0758
2009-10-14,8.9816
2009-10-15,8.8875
2009-10-16,8.7933
2009-10-17,8.6992
2009-10-18,9.0866
2009-10-19,8.8615
2009-10-20,8.5444
2009-10-21,8.4476
2009-10-22,8.2527
2009-10-23,8.1098
2009-10-24,8.1368
2009-10-25,8.7268
2009-10-26,9.3827
2009-10-27,8.5783
2009-10-28,8.2388
2009-10-29,8.1224
2009-10-30,8.0552
2009-10-31,7.8324
2009-11-01,8.8975
2009-11-02,8.7257
2009-11-03,8.5641
2009-11-04,8.2191
2009-11-05,8.1476
2009-11-06,8.0014
2009-11-07,7.7895
2009-11-08,8.8120
2009-11-09,9.0022
2009-11-10,8.5930
2009-11-11,8.2820
2009-11-12,8.4651
2009-11-13,8.4947
2009-11-14,8.4051
2009-11-15,9.4819
2009-11-16,10.5587
2009-11-17,9.1246
2009-11-18,8.7318
2009-11-19,8.5289
2009-11-20,8.5051
2009-11-21,8.2764
2009-11-22,8.7002
2009-11-23,9.1239
2009-11-24,8.5860
2009-11-25,8.3156
2009-11-26,8.6611
2009-11-27,8.9257
2009-11-28,8.4414
2009-11-29,9.2278
2009-11-30,9.2647
2009-12-01,9.2749
2009-12-02,8.3930
2009-12-03,8.5852
2009-12-04,8.4238
2009-12-05,8.3378
2009-12-06,9.0598
2009-12-07,9.2983
2009-12-08,8.7619
2009-12-09,8.5075
2009-12-10,8.3993
2009-12-11,8.5236
2009-12-12,8.3795
2009-12-13,9.0911
2009-12-14,9.7620
2009-12-15,8.9296
2009-12-16,8.5307
2009-12-17,8.5871
2009-12-18,9.7978
2009-12-19,8.6648
2009-12-20,9.1723
2009-12-21,9.2014
2009-12-22,9.3305
2009-12-23,8.6846
2009-12-24,8.5025
2009-12-25,8.2888
2009-12-26,8.2980
2009-12-27,9.1629
2009-12-28,9.5480
2009-12-29,9.0172
2009-12-30,8.7849
2009-12-31,8.3866
2010-01-01,8.3345
2010-01-02,8.5360
2010-01-03,8.7086
2010-01-04,8.7300
2010-01-05,8.3756
2010-01-06,8.3190
2010-01-07,8.4644
2010-01-08,8.5973
2010-01-09,8.9228
2010-01-10,9.4917
2010-01-11,9.2101
2010-01-12,8.6780
2010-01-13,8.6023
2010-01-14,8.6145
2010-01-15,8.6589
2010-01-16,8.7794
2010-01-17,11.0079
2010-01-18,9.7532
2010-01-19,9.2251
2010-01-20,9.0177
2010-01-21,8.9370
2010-01-22,9.0093
2010-01-23,9.8342
2010-01-24,10.6592
2010-01-25,11.4841
2010-01-26,10.2642
2010-01-27,9.6944
2010-01-28,9.4404
2010-01-29,9.3537
2010-01-30,9.2285
2010-01-31,9.3039
2010-02-01,10.2402
2010-02-02,9.9160
2010-02-03,10.1115
2010-02-04,9.8586
2010-02-05,10.1190
2010-02-06,10.0006
2010-02-07,11.1915
2010-02-08,10.8274
2010-02-09,10.4633
2010-02-10,9.6541
2010-02-11,9.1198
2010-02-12,8.7957
2010-02-13,8.4485
2010-02-14,8.2667
2010-02-15,8.2185
2010-02-16,8.2425
2010-02-17,8.0080
2010-02-18,8.0453
2010-02-19,7.9288
2010-02-20,7.7450
2010-02-21,7.8663
2010-02-22,7.9417
2010-02-23,8.1260
2010-02-24,8.3104
2010-02-25,7.8280
2010-02-26,7.8736
2010-02-27,7.7571
2010-02-28,7.7262
2010-03-01,7.7753
2010-03-02,7.7952
2010-03-03,7.7498
2010-03-04,8.0681
2010-03-05,8.7258
2010-03-06,7.6544
2010-03-07,7.6034
2010-03-08,7.7532
2010-03-09,7.7702
2010-03-10,7.6314
2010-03-11,7.5438
2010-03-12,7.6044
2010-03-13,7.5843
2010-03-14,7.5110
2010-03-15,7.6746
2010-03-16,7.7129
2010-03-17,7.7017
2010-03-18,7.6382
2010-03-19,7.5627
2010-03-20,7.4037
2010-03-21,7.4662
2010-03-22,7.6123
2010-03-23,7.8018
2010-03-24,8.0288
2010-03-25,7.7302
2010-03-26,7.6396
2010-03-27,7.5632
2010-03-28,7.4866
2010-03-29,7.5077
2010-03-30,7.6540
2010-03-31,7.6128
2010-04-01,7.4541
2010-04-02,7.3671
2010-04-03,7.4530
2010-04-04,7.4787
2010-04-05,7.9851
2010-04-06,7.8216
2010-04-07,7.6606
2010-04-08,7.5596
2010-04-09,7.5766
2010-04-10,7.4501
2010-04-11,7.4989
2010-04-12,7.5159
2010-04-13,7.6084
2010-04-14,7.5863
2010-04-15,7.6806
2010-04-16,7.7849
2010-04-17,7.5522
2010-04-18,7.5989
2010-04-19,7.6483
2010-04-20,7.6700
2010-04-21,7.8555
2010-04-22,8.0965
2010-04-23,8.9211
2010-04-24,8.3986
2010-04-25,7.9882
2010-04-26,8.0027
2010-04-27,8.0731
2010-04-28,7.9831
2010-04-29,7.8462
2010-04-30,7.7866
2010-05-01,7.4448
2010-05-02,7.5422
2010-05-03,7.6425
2010-05-04,7.6511
2010-05-05,7.5115
2010-05-06,7.6769
2010-05-07,7.9913
2010-05-08,7.4419
2010-05-09,7.3840
2010-05-10,7.6059
2010-05-11,7.5868
2010-05-12,7.6212
2010-05-13,7.2957
2010-05-14,7.4889
2010-05-15,7.2731
2010-05-16,7.3467
2010-05-17,7.4736
2010-05-18,7.3556
2010-05-19,7.2284
2010-05-20,7.3969
2010-05-21,7.4753
2010-05-22,7.4097
2010-05-23,7.3460
2010-05-24,7.4079
2010-05-25,7.3840
2010-05-26,7.3809
2010-05-27,7.2064
2010-05-28,7.0934
2010-05-29,7.1099
2010-05-30,7.0553
2010-05-31,7.1164
2010-06-01,7.1922
2010-06-02,7.2492
2010-06-03,7.4194
2010-06-04,7.5622
2010-06-05,7.4331
2010-06-06,7.2855
2010-06-07,7.9356
2010-06-08,9.0195
2010-06-09,7.2255
2010-06-10,7.0273
2010-06-11,6.7991
2010-06-12,5.4467
2010-06-13,5.3230
2010-06-14,5.2627
2010-06-15,6.3063
2010-06-16,6.6529
2010-06-17,7.2196
2010-06-18,7.3883
2010-06-19,7.1389
2010-06-20,7.0432
2010-06-21,7.2064
2010-06-22,7.0300
2010-06-23,7.0076
2010-06-24,6.9187
2010-06-25,6.8845
2010-06-26,6.5111
2010-06-27,6.1377
2010-06-28,6.6721
2010-06-29,7.2064
2010-06-30,7.1373
2010-07-01,7.0544
2010-07-02,7.1123
2010-07-03,6.9266
2010-07-04,6.8145
2010-07-05,7.0848
2010-07-06,7.3550
2010-07-07,7.3103
2010-07-08,7.2657
2010-07-09,7.2210
2010-07-10,7.1764
2010-07-11,7.1317
2010-07-12,7.0775
2010-07-13,7.2421
2010-07-14,7.2471
2010-07-15,7.6464
2010-07-16,7.4565
2010-07-17,7.3099
2010-07-18,7.2378
2010-07-19,7.2752
2010-07-20,7.4691
2010-07-21,7.4507
2010-07-22,8.1274
2010-07-23,7.7749
2010-07-24,7.5213
2010-07-25,7.5496
2010-07-26,7.9498
2010-07-27,7.7977
2010-07-28,7.7998
2010-07-29,7.9003
2010-07-30,7.8583
2010-07-31,7.9417
2010-08-01,7.6714
2010-08-02,8.1353
2010-08-03,8.6878
2010-08-04,8.4532
2010-08-05,8.0646
2010-08-06,8.0094
2010-08-07,7.8774
2010-08-08,7.8552
2010-08-09,8.1409
2010-08-10,7.9212
2010-08-11,7.9707
2010-08-12,7.9652
2010-08-13,8.1348
2010-08-14,7.7985
2010-08-15,8.3077
2010-08-16,8.2807
2010-08-17,8.7445
2010-08-18,8.5914
2010-08-19,8.4405
2010-08-20,8.5098
2010-08-21,8.3551
2010-08-22,8.2810
2010-08-23,8.4405
2010-08-24,8.3139
2010-08-25,8.0809
2010-08-26,8.1859
2010-08-27,8.8568
2010-08-28,8.0731
2010-08-29,8.1415
2010-08-30,8.1879
2010-08-31,8.1152
2010-09-01,8.1591
2010-09-02,8.2044
2010-09-03,8.2850
2010-09-04,8.0827
2010-09-05,8.2456
2010-09-06,8.2220
2010-09-07,8.4513
2010-09-08,8.5520
2010-09-09,8.6252
2010-09-10,9.1319
2010-09-11,8.3400
2010-09-12,9.8662
2010-09-13,9.2708
2010-09-14,8.7718
2010-09-15,8.4947
2010-09-16,8.6163
2010-09-17,8.9478
2010-09-18,9.0758
2010-09-19,9.5005
2010-09-20,11.4261
2010-09-21,9.2955
2010-09-22,8.6172
2010-09-23,8.4770
2010-09-24,8.3277
2010-09-25,8.3038
2010-09-26,9.3304
2010-09-27,9.4161
2010-09-28,8.9229
2010-09-29,8.4459
2010-09-30,8.3112
2010-10-01,8.2705
2010-10-02,8.2017
2010-10-03,9.0098
2010-10-04,9.3091
2010-10-05,9.1285
2010-10-06,8.4474
2010-10-07,8.2543
2010-10-08,8.3248
2010-10-09,8.1029
2010-10-10,9.1596
2010-10-11,8.8511
2010-10-12,9.5406
2010-10-13,8.4904
2010-10-14,8.5646
2010-10-15,8.3523
2010-10-16,8.1044
2010-10-17,9.1533
2010-10-18,10.0753
2010-10-19,8.7180
2010-10-20,8.3447
2010-10-21,8.2631
2010-10-22,8.2561
2010-10-23,8.0087
2010-10-24,8.5297
2010-10-25,8.8614
2010-10-26,9.7891
2010-10-27,8.5003
2010-10-28,8.4056
2010-10-29,8.9442
2010-10-30,8.8666
2010-10-31,9.0146
2010-11-01,9.1301
2010-11-02,10.2465
2010-11-03,8.5897
2010-11-04,8.6507
2010-11-05,8.7812
2010-11-06,8.3330
2010-11-07,9.0676
2010-11-08,9.5233
2010-11-09,8.7100
2010-11-10,8.3710
2010-11-11,8.3777
2010-11-12,8.4004
2010-11-13,8.1828
2010-11-14,8.8750
2010-11-15,9.2103
2010-11-16,8.7146
2010-11-17,8.3175
2010-11-18,8.5593
2010-11-19,8.6047
2010-11-20,8.7338
2010-11-21,9.5406
2010-11-22,10.1617
2010-11-23,8.8167
2010-11-24,8.3141
2010-11-25,8.7106
2010-11-26,8.7437
2010-11-27,8.3923
2010-11-28,9.2307
2010-11-29,10.2561
2010-11-30,8.9138
2010-12-01,8.6503
2010-12-02,8.3900
2010-12-03,8.3092
2010-12-04,8.2223
2010-12-05,9.2824
2010-12-06,9.9226
2010-12-07,9.1689
2010-12-08,8.7483
2010-12-09,8.8151
2010-12-10,9.7633
2010-12-11,8.5688
2010-12-12,8.9261
2010-12-13,9.1289
2010-12-14,9.7196
2010-12-15,8.7812
2010-12-16,8.4884
2010-12-17,8.5364
2010-12-18,8.1441
2010-12-19,9.1066
2010-12-20,9.1157
2010-12-21,9.6842
2010-12-22,8.8001
2010-12-23,8.5475
2010-12-24,8.3222
2010-12-25,8.0953
2010-12-26,8.9235
2010-12-27,9.3797
2010-12-28,8.9033
2010-12-29,8.8756
2010-12-30,8.4414
2010-12-31,8.5967
2011-01-01,9.0097
2011-01-02,9.3990
2011-01-03,9.9939
2011-01-04,9.0615
2011-01-05,8.9712
2011-01-06,8.9469
2011-01-07,9.1870
2011-01-08,9.0981
2011-01-09,10.8781
2011-01-10,9.3827
2011-01-11,9.1990
2011-01-12,8.6212
2011-01-13,8.6132
2011-01-14,8.6952
2011-01-15,8.7203
2011-01-16,9.5003
2011-01-17,9.3476
2011-01-18,8.7837
2011-01-19,8.7022
2011-01-20,8.6822
2011-01-21,8.4836
2011-01-22,8.4092
2011-01-23,8.9731
2011-01-24,9.5503
2011-01-25,8.7863
2011-01-26,8.6081
2011-01-27,8.4949
2011-01-28,8.4487
2011-01-29,8.1917
2011-01-30,8.3809
2011-01-31,9.0739
2011-02-01,8.3561
2011-02-02,8.3485
2011-02-03,8.5350
2011-02-04,8.4349
2011-02-05,8.5354
2011-02-06,8.9917
2011-02-07,9.7771
2011-02-08,8.6389
2011-02-09,8.2832
2011-02-10,8.2733
2011-02-11,8.1591
2011-02-12,7.9135
2011-02-13,7.8407
2011-02-14,8.0249
2011-02-15,7.9714
2011-02-16,8.4778
2011-02-17,7.9579
2011-02-18,8.0236
2011-02-19,7.5491
2011-02-20,7.5197
2011-02-21,7.8717
2011-02-22,7.6816
2011-02-23,7.7324
2011-02-24,7.7824
2011-02-25,7.6563
2011-02-26,7.4832
2011-02-27,7.5989
2011-02-28,7.7861
2011-03-01,7.7506
2011-03-02,7.7647
2011-03-03,7.7048
2011-03-04,7.6587
2011-03-05,7.3473
2011-03-06,7.5443
2011-03-07,7.7472
2011-03-08,7.6889
2011-03-09,7.7706
2011-03-10,7.6118
2011-03-11,7.4877
2011-03-12,7.5575
2011-03-13,7.5684
2011-03-14,7.5256
2011-03-15,7.6620
2011-03-16,7.4164
2011-03-17,7.4437
2011-03-18,7.3165
2011-03-19,7.1747
2011-03-20,7.2478
2011-03-21,7.4140
2011-03-22,7.5294
2011-03-23,7.6396
2011-03-24,8.2698
2011-03-25,8.3313
2011-03-26,7.7845
2011-03-27,7.4810
2011-03-28,7.5878
2011-03-29,7.6718
2011-03-30,7.5974
2011-03-31,7.6774
2011-04-01,7.4844
2011-04-02,7.2612
2011-04-03,7.3920
2011-04-04,7.4283
2011-04-05,7.5575
2011-04-06,7.4889
2011-04-07,7.4271
2011-04-08,8.2153
2011-04-09,8.4937
2011-04-10,8.1432
2011-04-11,8.1218
2011-04-12,8.2079
2011-04-13,8.5198
2011-04-14,8.5747
2011-04-15,8.0478
2011-04-16,7.4877
2011-04-17,7.5663
2011-04-18,7.9977
2011-04-19,8.0084
2011-04-20,7.9150
2011-04-21,7.8804
2011-04-22,7.8489
2011-04-23,7.5082
2011-04-24,7.6606
2011-04-25,8.0275
2011-04-26,8.1005
2011-04-27,8.1809
2011-04-28,8.3335
2011-04-29,8.6410
2011-04-30,8.4632
2011-05-01,8.0120
2011-05-02,7.7956
2011-05-03,7.7057
2011-05-04,7.7786
2011-05-05,7.8124
2011-05-06,7.5616
2011-05-07,7.2633
2011-05-08,7.3556
2011-05-09,7.4748
2011-05-10,7.5342
2011-05-11,7.6300
2011-05-12,7.6261
2011-05-13,7.4448
2011-05-14,7.1196
2011-05-15,7.3702
2011-05-16,7.5412
2011-05-17,7.5137
2011-05-18,7.5903
2011-05-19,7.5480
2011-05-20,7.3683
2011-05-21,7.1131
2011-05-22,7.2371
2011-05-23,7.4872
2011-05-24,7.6123
2011-05-25,8.2172
2011-05-26,7.6667
2011-05-27,7.3265
2011-05-28,7.0934
2011-05-29,7.1397
2011-05-30,7.4037
2011-05-31,7.4260
2011-06-01,7.4378
2011-06-02,7.5533
2011-06-03,7.3218
2011-06-04,7.1033
2011-06-05,7.1107
2011-06-06,7.4821
2011-06-07,7.5459
2011-06-08,7.3278
2011-06-09,7.2196
2011-06-10,7.3633
2011-06-11,7.1884
2011-06-12,7.2506
2011-06-13,7.4501
2011-06-14,7.1974
2011-06-15,7.4194
2011-06-16,7.3796
2011-06-17,7.4031
2011-06-18,7.5159
2011-06-19,7.6372
2011-06-20,7.5262
2011-06-21,7.3185
2011-06-22,7.3821
2011-06-23,7.7498
2011-06-24,7.6760
2011-06-25,7.2661
2011-06-26,7.5832
2011-06-27,7.5668
2011-06-28,7.5601
2011-06-29,7.6329
2011-06-30,7.5005
2011-07-01,7.4236
2011-07-02,7.3902
2011-07-03,7.2101
2011-07-04,7.9456
2011-07-05,7.5999
2011-07-06,7.5627
2011-07-07,7.6118
2011-07-08,9.0000
2011-07-09,8.7379
2011-07-10,8.2680
2011-07-11,7.7790
2011-07-12,7.5787
2011-07-13,7.6054
2011-07-14,8.2918
2011-07-15,7.6178
2011-07-16,7.3588
2011-07-17,7.6866
2011-07-18,7.7536
2011-07-19,7.7790
2011-07-20,8.0571
2011-07-21,7.8984
2011-07-22,7.7973
2011-07-23,7.5153
2011-07-24,7.4827
2011-07-25,7.8868
2011-07-26,8.3973
2011-07-27,8.2677
2011-07-28,8.2362
2011-07-29,8.3889
2011-07-30,9.0789
2011-07-31,9.6330
2011-08-01,8.9478
2011-08-02,8.5393
2011-08-03,8.3478
2011-08-04,8.3253
2011-08-05,8.2556
2011-08-06,8.0971
2011-08-07,8.1359
2011-08-08,8.0190
2011-08-09,8.0861
2011-08-10,8.1333
2011-08-11,8.0497
2011-08-12,8.1906
2011-08-13,8.0433
2011-08-14,8.4381
2011-08-15,8.1074
2011-08-16,8.1688
2011-08-17,8.1747
2011-08-18,8.2913
2011-08-19,8.3060
2011-08-20,8.4231
2011-08-21,8.7562
2011-08-22,8.7258
2011-08-23,8.7075
2011-08-24,8.5108
2011-08-25,8.7022
2011-08-26,8.5805
2011-08-27,9.2254
2011-08-28,8.4112
2011-08-29,8.4519
2011-08-30,8.7718
2011-08-31,8.2388
2011-09-01,8.1571
2011-09-02,8.0981
2011-09-03,8.0392
2011-09-04,8.1185
2011-09-05,9.1856
2011-09-06,9.1524
2011-09-07,9.0262
2011-09-08,9.7423
2011-09-09,10.0828
2011-09-10,9.1111
2011-09-11,9.7388
2011-09-12,9.6149
2011-09-13,9.3480
2011-09-14,8.5543
2011-09-15,8.4496
2011-09-16,8.4305
2011-09-17,8.6054
2011-09-18,9.2199
2011-09-19,9.5008
2011-09-20,9.5223
2011-09-21,8.4789
2011-09-22,8.2835
2011-09-23,8.2690
2011-09-24,8.2832
2011-09-25,9.0301
2011-09-26,10.2526
2011-09-27,9.1666
2011-09-28,8.2754
2011-09-29,8.3466
2011-09-30,8.4216
2011-10-01,8.1945
2011-10-02,8.8777
2011-10-03,8.9942
2011-10-04,9.5568
2011-10-05,8.4145
2011-10-06,8.3114
2011-10-07,8.3657
2011-10-08,8.1490
2011-10-09,8.9683
2011-10-10,8.8832
2011-10-11,8.7045
2011-10-12,8.2330
2011-10-13,8.1730
2011-10-14,8.1345
2011-10-15,8.8343
2011-10-16,9.0898
2011-10-17,9.0108
2011-10-18,8.7175
2011-10-19,8.4220
2011-10-20,8.3146
2011-10-21,8.2071
2011-10-22,8.0548
2011-10-23,8.8316
2011-10-24,10.1827
2011-10-25,8.8099
2011-10-26,8.7601
2011-10-27,8.8850
2011-10-28,8.5616
2011-10-29,8.2496
2011-10-30,9.3566
2011-10-31,9.1275
2011-11-01,8.7910
2011-11-02,8.6535
2011-11-03,8.7434
2011-11-04,8.8674
2011-11-05,8.4401
2011-11-06,9.3757
2011-11-07,9.7410
2011-11-08,8.8362
2011-11-09,8.4610
2011-11-10,8.2164
2011-11-11,8.2284
2011-11-12,8.0472
2011-11-13,9.0723
2011-11-14,9.4676
2011-11-15,8.9867
2011-11-16,8.4392
2011-11-17,8.4240
2011-11-18,8.5880
2011-11-19,8.2540
2011-11-20,8.7451
2011-11-21,9.4951
2011-11-22,8.7247
2011-11-23,8.3596
2011-11-24,8.7637
2011-11-25,8.7279
2011-11-26,8.3855
2011-11-27,9.3131
2011-11-28,9.3062
2011-11-29,9.8468
2011-11-30,8.7968
2011-12-01,8.6461
2011-12-02,8.9398
2011-12-03,8.8438
2011-12-04,9.7005
2011-12-05,9.5391
2011-12-06,8.9083
2011-12-07,9.0218
2011-12-08,9.1096
2011-12-09,8.8716
2011-12-10,8.3823
2011-12-11,9.2323
2011-12-12,9.8529
2011-12-13,8.8471
2011-12-14,8.5335
2011-12-15,8.5880
2011-12-16,8.4855
2011-12-17,8.1898
2011-12-18,9.4969
2011-12-19,9.4628
2011-12-20,8.8435
2011-12-21,8.3631
2011-12-22,8.6058
2011-12-23,6.5862
2011-12-24,6.9360
2011-12-25,7.2859
2011-12-26,7.6358
2011-12-27,9.2488
2011-12-28,8.8807
2011-12-29,8.6962
2011-12-30,8.4538
2011-12-31,8.1447
2012-01-01,9.0764
2012-01-02,10.2447
2012-01-03,9.8583
2012-01-04,9.1876
2012-01-05,8.7625
2012-01-06,8.5017
2012-01-07,8.6552
2012-01-08,10.0389
2012-01-09,9.4644
2012-01-10,8.9731
2012-01-11,8.9556
2012-01-12,8.9195
2012-01-13,8.7263
2012-01-14,8.7392
2012-01-15,10.2620
2012-01-16,10.5695
2012-01-17,9.5612
2012-01-18,9.6040
2012-01-19,10.0861
2012-01-20,9.7284
2012-01-21,9.4121
2012-01-22,9.8436
2012-01-23,11.5722
2012-01-24,10.2817
2012-01-25,10.1698
2012-01-26,9.6829
2012-01-27,9.8955
2012-01-28,9.3763
2012-01-29,9.5822
2012-01-30,10.3415
2012-01-31,10.3340
2012-02-01,10.2182
2012-02-02,9.7341
2012-02-03,10.1875
2012-02-04,9.8886
2012-02-05,11.0751
2012-02-06,12.6735
2012-02-07,10.9247
2012-02-08,10.1815
2012-02-09,9.8634
2012-02-10,9.9257
2012-02-11,9.4015
2012-02-12,9.3344
2012-02-13,9.1475
2012-02-14,8.9140
2012-02-15,9.1802
2012-02-16,9.0572
2012-02-17,8.7128
2012-02-18,8.4031
2012-02-19,8.2948
2012-02-20,9.1159
2012-02-21,8.9516
2012-02-22,8.3514
2012-02-23,8.6538
2012-02-24,8.6429
2012-02-25,8.7162
2012-02-26,8.3650
2012-02-27,8.3738
2012-02-28,8.5172
2012-02-29,8.3183
2012-03-01,8.3955
2012-03-02,8.3229
2012-03-03,8.2456
2012-03-04,8.6319
2012-03-05,8.3107
2012-03-06,8.4329
2012-03-07,11.6448
2012-03-08,11.3633
2012-03-09,10.6929
2012-03-10,10.3344
2012-03-11,9.9861
2012-03-12,10.2821
2012-03-13,10.1944
2012-03-14,10.0955
2012-03-15,10.1469
2012-03-16,10.1409
2012-03-17,10.2095
2012-03-18,10.0337
2012-03-19,11.0828
2012-03-20,11.1745
2012-03-21,10.7793
2012-03-22,9.9475
2012-03-23,9.3760
2012-03-24,8.9978
2012-03-25,8.8329
2012-03-26,8.8982
2012-03-27,8.7647
2012-03-28,8.5411
2012-03-29,8.3962
2012-03-30,8.3124
2012-03-31,8.3412
2012-04-01,8.1301
2012-04-02,8.3582
2012-04-03,8.3556
2012-04-04,8.1817
2012-04-05,8.1095
2012-04-06,8.0646
2012-04-07,7.8232
2012-04-08,7.8548
2012-04-09,8.1017
2012-04-10,8.0904
2012-04-11,7.9899
2012-04-12,8.0989
2012-04-13,8.6538
2012-04-14,8.0411
2012-04-15,8.0497
2012-04-16,8.2215
2012-04-17,8.1708
2012-04-18,8.3354
2012-04-19,8.2566
2012-04-20,8.0577
2012-04-21,7.7080
2012-04-22,7.9172
2012-04-23,8.2602
2012-04-24,8.2880
2012-04-25,8.3687
2012-04-26,8.6336
2012-04-27,9.2725
2012-04-28,8.6756
2012-04-29,8.4834
2012-04-30,8.3277
2012-05-01,8.1719
2012-05-02,8.2066
2012-05-03,8.1890
2012-05-04,8.0307
2012-05-05,8.0548
2012-05-06,9.1551
2012-05-07,8.8333
2012-05-08,8.3497
2012-05-09,8.1834
2012-05-10,7.9565
2012-05-11,7.8694
2012-05-12,7.7093
2012-05-13,7.8192
2012-05-14,7.8324
2012-05-15,7.8868
2012-05-16,8.0379
2012-05-17,7.9526
2012-05-18,7.7677
2012-05-19,7.4782
2012-05-20,7.5390
2012-05-21,7.9980
2012-05-22,8.3097
2012-05-23,8.0288
2012-05-24,7.7903
2012-05-25,7.7617
2012-05-26,7.4765
2012-05-27,7.6396
2012-05-28,7.6559
2012-05-29,7.8196
2012-05-30,7.8136
2012-05-31,7.9906
2012-06-01,7.8128
2012-06-02,7.6578
2012-06-03,7.6944
2012-06-04,7.8415
2012-06-05,7.9334
2012-06-06,7.6511
2012-06-07,7.7236
2012-06-08,7.8800
2012-06-09,7.9409
2012-06-10,7.7588
2012-06-11,7.6334
2012-06-12,7.8485
2012-06-13,7.8973
2012-06-14,7.7222
2012-06-15,7.7124
2012-06-16,7.5396
2012-06-17,7.9117
2012-06-18,7.8014
2012-06-19,8.4013
2012-06-20,8.1814
2012-06-21,7.8629
2012-06-22,7.9241
2012-06-23,7.5668
2012-06-24,7.5191
2012-06-25,7.6487
2012-06-26,7.7706
2012-06-27,7.6099
2012-06-28,7.5919
2012-06-29,7.5390
2012-06-30,7.3454
2012-07-01,7.4634
2012-07-02,7.5148
2012-07-03,7.6425
2012-07-04,7.6760
2012-07-05,7.5580
2012-07-06,7.6889
2012-07-07,7.6064
2012-07-08,7.5822
2012-07-09,7.7420
2012-07-10,7.7824
2012-07-11,8.0064
2012-07-12,8.6510
2012-07-13,8.4036
2012-07-14,8.3850
2012-07-15,8.0281
2012-07-16,7.9579
2012-07-17,7.9953
2012-07-18,7.9923
2012-07-19,7.9359
2012-07-20,7.9879
2012-07-21,7.7836
2012-07-22,7.8087
2012-07-23,8.0533
2012-07-24,7.9759
2012-07-25,8.1224
2012-07-26,8.5599
2012-07-27,8.9274
2012-07-28,8.2858
2012-07-29,8.2840
2012-07-30,8.1634
2012-07-31,7.9143
2012-08-01,7.8644
2012-08-02,8.0722
2012-08-03,8.0802
2012-08-04,8.1209
2012-08-05,8.1131
2012-08-06,8.1444
2012-08-07,8.0646
2012-08-08,7.9448
2012-08-09,8.2414
2012-08-10,9.0074
2012-08-11,8.6623
2012-08-12,8.8006
2012-08-13,8.3742
2012-08-14,8.5641
2012-08-15,8.3843
2012-08-16,8.1265
2012-08-17,8.3907
2012-08-18,8.3352
2012-08-19,8.9278
2012-08-20,9.0080
2012-08-21,8.3782
2012-08-22,8.2033
2012-08-23,8.3857
2012-08-24,8.3112
2012-08-25,8.7415
2012-08-26,9.4430
2012-08-27,9.1459
2012-08-28,8.5895
2012-08-29,8.4648
2012-08-30,8.3659
2012-08-31,8.5654
2012-09-01,8.4724
2012-09-02,8.9665
2012-09-03,8.5601
2012-09-04,8.4691
2012-09-05,8.7439
2012-09-06,10.0138
2012-09-07,8.6911
2012-09-08,8.7809
2012-09-09,9.8390
2012-09-10,11.6149
2012-09-11,9.6287
2012-09-12,8.7829
2012-09-13,8.6812
2012-09-14,9.0010
2012-09-15,8.7462
2012-09-16,9.8073
2012-09-17,9.6127
2012-09-18,10.5921
2012-09-19,8.7554
2012-09-20,8.5606
2012-09-21,9.4052
2012-09-22,8.4581
2012-09-23,9.5496
2012-09-24,9.6060
2012-09-25,8.6773
2012-09-26,8.1710
2012-09-27,8.2414
2012-09-28,8.5110
2012-09-29,8.3236
2012-09-30,9.2592
2012-10-01,9.8497
2012-10-02,8.8332
2012-10-03,8.4978
2012-10-04,8.6341
2012-10-05,9.0423
2012-10-06,8.5500
2012-10-07,9.8181
2012-10-08,9.9021
2012-10-09,8.9164
2012-10-10,8.3321
2012-10-11,8.2367
2012-10-12,8.4018
2012-10-13,8.2417
2012-10-14,9.0356
2012-10-15,9.1041
2012-10-16,10.8321
2012-10-17,8.7788
2012-10-18,8.4801
2012-10-19,8.4894
2012-10-20,8.2506
2012-10-21,9.5434
2012-10-22,9.0972
2012-10-23,8.6694
2012-10-24,8.3492
2012-10-25,8.3407
2012-10-26,8.4947
2012-10-27,8.5333
2012-10-28,9.2198
2012-10-29,10.4443
2012-10-30,8.8770
2012-10-31,8.6819
2012-11-01,8.4982
2012-11-02,8.5685
2012-11-03,8.4587
2012-11-04,9.7182
2012-11-05,9.6870
2012-11-06,8.8301
2012-11-07,8.3880
2012-11-08,8.4984
2012-11-09,8.8472
2012-11-10,8.2810
2012-11-11,9.2649
2012-11-12,9.1117
2012-11-13,8.7068
2012-11-14,8.3318
2012-11-15,8.3666
2012-11-16,8.2769
2012-11-17,8.1295
2012-11-18,9.1792
2012-11-19,9.6856
2012-11-20,8.6552
2012-11-21,8.2945
2012-11-22,8.6522
2012-11-23,8.9297
2012-11-24,8.3959
2012-11-25,9.4675
2012-11-26,9.8898
2012-11-27,8.8492
2012-11-28,8.6143
2012-11-29,8.4816
2012-11-30,8.7491
2012-12-01,8.6536
2012-12-02,9.3483
2012-12-03,9.6768
2012-12-04,9.6429
2012-12-05,8.7289
2012-12-06,8.7789
2012-12-07,9.9606
2012-12-08,8.7378
2012-12-09,9.2526
2012-12-10,9.2662
2012-12-11,9.4273
2012-12-12,8.7930
2012-12-13,8.7030
2012-12-14,8.4394
2012-12-15,8.2910
2012-12-16,9.3133
2012-12-17,9.3479
2012-12-18,8.7915
2012-12-19,8.5190
2012-12-20,8.4129
2012-12-21,8.2968
2012-12-22,8.2126
2012-12-23,9.2566
2012-12-24,9.6523
2012-12-25,8.6375
2012-12-26,8.6078
2012-12-27,8.9653
2012-12-28,8.6837
2012-12-29,8.5327
2012-12-30,9.4902
2012-12-31,10.1429
2013-01-01,9.1116
2013-01-02,9.0850
2013-01-03,9.0551
2013-01-04,9.3363
2013-01-05,9.2396
2013-01-06,10.1327
2013-01-07,9.4912
2013-01-08,9.1123
2013-01-09,9.0636
2013-01-10,8.9730
2013-01-11,9.1455
2013-01-12,10.5419
2013-01-13,11.5075
2013-01-14,10.1932
2013-01-15,9.2800
2013-01-16,8.8464
2013-01-17,8.7326
2013-01-18,8.6550
2013-01-19,8.4545
2013-01-20,8.9637
2013-01-21,10.0211
2013-01-22,9.0057
2013-01-23,8.8609
2013-01-24,8.5852
2013-01-25,8.5362
2013-01-26,8.4585
2013-01-27,8.5344
2013-01-28,10.1042
2013-01-29,8.6507
2013-01-30,8.5122
2013-01-31,8.4855
2013-02-01,8.5779
2013-02-02,8.5499
2013-02-03,9.6062
2013-02-04,10.0262
2013-02-05,8.8702
2013-02-06,8.5279
2013-02-07,8.3834
2013-02-08,8.2008
2013-02-09,8.0929
2013-02-10,8.0388
2013-02-11,8.0864
2013-02-12,8.0366
2013-02-13,7.9752
2013-02-14,7.8427
2013-02-15,7.8936
2013-02-16,7.8176
2013-02-17,7.8228
2013-02-18,7.9673
2013-02-19,8.0067
2013-02-20,7.9113
2013-02-21,7.8517
2013-02-22,7.8721
2013-02-23,7.7536
2013-02-24,7.6829
2013-02-25,7.8438
2013-02-26,8.1915
2013-02-27,7.9783
2013-02-28,7.9233
2013-03-01,7.8713
2013-03-02,7.7437
2013-03-03,7.7786
2013-03-04,7.8352
2013-03-05,7.8383
2013-03-06,7.8462
2013-03-07,7.9204
2013-03-08,7.7579
2013-03-09,7.5863
2013-03-10,7.5148
2013-03-11,7.7579
2013-03-12,7.8034
2013-03-13,8.0790
2013-03-14,8.3807
2013-03-15,8.0643
2013-03-16,7.8528
2013-03-17,7.9040
2013-03-18,7.8446
2013-03-19,7.8895
2013-03-20,8.2255
2013-03-21,8.5407
2013-03-22,8.0193
2013-03-23,7.8312
2013-03-24,8.4332
2013-03-25,8.0962
2013-03-26,7.8663
2013-03-27,7.7790
2013-03-28,7.7736
2013-03-29,7.7728
2013-03-30,7.7681
2013-03-31,7.4810
2013-04-01,7.7437
2013-04-02,7.5964
2013-04-03,7.6806
2013-04-04,7.5385
2013-04-05,7.4501
2013-04-06,7.4431
2013-04-07,7.5486
2013-04-08,7.6406
2013-04-09,7.6765
2013-04-10,7.5673
2013-04-11,8.0768
2013-04-12,7.7012
2013-04-13,7.3683
2013-04-14,7.3664
2013-04-15,7.4866
2013-04-16,7.5740
2013-04-17,7.5689
2013-04-18,7.6396
2013-04-19,7.8532
2013-04-20,7.3119
2013-04-21,7.5364
2013-04-22,7.6825
2013-04-23,7.7319
2013-04-24,8.0120
2013-04-25,7.9804
2013-04-26,8.1713
2013-04-27,7.9780
2013-04-28,7.7948
2013-04-29,8.3042
2013-04-30,8.0564
2013-05-01,7.7778
2013-05-02,8.2290
2013-05-03,7.9006
2013-05-04,7.4616
2013-05-05,7.5491
2013-05-06,7.8168
2013-05-07,7.7222
2013-05-08,7.7156
2013-05-09,7.7262
2013-05-10,7.5817
2013-05-11,7.2654
2013-05-12,7.3011
2013-05-13,7.4742
2013-05-14,7.5888
2013-05-15,7.6109
2013-05-16,7.6478
2013-05-17,7.6019
2013-05-18,7.2542
2013-05-19,7.1801
2013-05-20,7.3771
2013-05-21,7.5751
2013-05-22,7.5071
2013-05-23,7.5858
2013-05-24,7.4073
2013-05-25,7.0309
2013-05-26,7.1507
2013-05-27,7.2542
2013-05-28,7.4507
2013-05-29,7.5512
2013-05-30,7.6133
2013-05-31,7.4271
2013-06-01,7.3505
2013-06-02,7.2882
2013-06-03,7.4348
2013-06-04,7.5374
2013-06-05,7.3524
2013-06-06,7.2821
2013-06-07,7.3032
2013-06-08,7.2937
2013-06-09,7.2298
2013-06-10,7.5751
2013-06-11,7.9742
2013-06-12,7.6158
2013-06-13,7.4742
2013-06-14,7.3343
2013-06-15,7.3192
2013-06-16,7.4049
2013-06-17,7.4248
2013-06-18,7.4702
2013-06-19,7.3677
2013-06-20,7.2841
2013-06-21,7.3258
2013-06-22,7.2910
2013-06-23,7.1914
2013-06-24,7.2896
2013-06-25,7.3324
2013-06-26,7.3957
2013-06-27,7.5673
2013-06-28,7.6212
2013-06-29,7.2689
2013-06-30,7.2696
2013-07-01,7.3079
2013-07-02,7.2814
2013-07-03,7.3212
2013-07-04,7.5121
2013-07-05,7.5005
2013-07-06,7.1131
2013-07-07,7.1420
2013-07-08,7.3238
2013-07-09,7.4289
2013-07-10,7.5289
2013-07-11,7.4200
2013-07-12,7.4731
2013-07-13,7.3376
2013-07-14,7.3544
2013-07-15,7.5827
2013-07-16,7.6261
2013-07-17,7.7596
2013-07-18,7.9406
2013-07-19,7.5909
2013-07-20,7.4182
2013-07-21,7.4116
2013-07-22,7.5979
2013-07-23,7.1169
2013-07-24,6.6359
2013-07-25,7.6473
2013-07-26,7.8276
2013-07-27,7.6339
2013-07-28,8.5303
2013-07-29,8.5295
2013-07-30,7.8513
2013-07-31,7.7956
2013-08-01,7.5822
2013-08-02,7.4390
2013-08-03,7.6387
2013-08-04,7.5273
2013-08-05,7.7249
2013-08-06,7.9135
2013-08-07,8.6596
2013-08-08,8.2958
2013-08-09,8.1324
2013-08-10,7.9255
2013-08-11,7.8284
2013-08-12,7.8442
2013-08-13,7.7770
2013-08-14,7.7668
2013-08-15,7.7899
2013-08-16,7.6939
2013-08-17,7.7156
2013-08-18,8.1528
2013-08-19,8.2530
2013-08-20,7.9413
2013-08-21,7.8095
2013-08-22,7.8192
2013-08-23,7.8124
2013-08-24,7.5454
2013-08-25,8.4743
2013-08-26,7.7919
2013-08-27,7.6681
2013-08-28,7.8055
2013-08-29,7.9673
2013-08-30,7.9943
2013-08-31,7.8095
2013-09-01,8.7032
2013-09-02,7.9673
2013-09-03,8.0962
2013-09-04,8.0379
2013-09-05,8.5802
2013-09-06,10.8719
2013-09-07,9.1925
2013-09-08,9.1507
2013-09-09,9.8232
2013-09-10,8.7689
2013-09-11,8.5086
2013-09-12,8.7297
2013-09-13,8.9215
2013-09-14,8.5299
2013-09-15,10.4160
2013-09-16,10.3370
2013-09-17,9.1464
2013-09-18,8.5088
2013-09-19,8.3862
2013-09-20,8.3610
2013-09-21,8.1298
2013-09-22,8.7320
2013-09-23,8.7358
2013-09-24,10.8197
2013-09-25,10.6591
2013-09-26,9.8495
2013-09-27,8.8882
2013-09-28,8.9277
2013-09-29,9.6674
2013-09-30,10.1635
2013-10-01,9.3379
2013-10-02,9.1772
2013-10-03,8.8791
2013-10-04,8.5787
2013-10-05,8.7300
2013-10-06,9.9533
2013-10-07,10.2387
2013-10-08,9.2031
2013-10-09,8.7472
2013-10-10,8.7755
2013-10-11,9.2098
2013-10-12,8.5281
2013-10-13,9.0577
2013-10-14,9.4229
2013-10-15,9.0292
2013-10-16,9.0977
2013-10-17,9.4481
2013-10-18,9.1125
2013-10-19,8.8027
2013-10-20,9.2084
2013-10-21,11.0471
2013-10-22,9.3276
2013-10-23,8.6788
2013-10-24,8.5766
2013-10-25,8.4360
2013-10-26,8.1901
2013-10-27,9.0604
2013-10-28,9.2703
2013-10-29,8.5017
2013-10-30,8.1873
2013-10-31,8.0959
2013-11-01,8.0433
2013-11-02,7.9526
2013-11-03,8.3991
2013-11-04,8.7910
2013-11-05,8.3030
2013-11-06,8.1191
2013-11-07,8.2303
2013-11-08,8.1577
2013-11-09,7.8292
2013-11-10,8.5740
2013-11-11,9.6113
2013-11-12,8.9239
2013-11-13,8.3654
2013-11-14,8.3119
2013-11-15,8.6314
2013-11-16,8.4538
2013-11-17,8.9059
2013-11-18,10.8675
2013-11-19,9.1551
2013-11-20,8.4394
2013-11-21,8.4435
2013-11-22,8.5726
2013-11-23,8.3724
2013-11-24,8.7360
2013-11-25,10.3885
2013-11-26,8.7088
2013-11-27,8.1953
2013-11-28,8.2215
2013-11-29,8.2751
2013-11-30,8.1699
2013-12-01,8.8223
2013-12-02,9.8054
2013-12-03,9.3891
2013-12-04,8.9813
2013-12-05,8.5792
2013-12-06,8.4878
2013-12-07,8.7219
2013-12-08,8.9182
2013-12-09,9.6516
2013-12-10,8.8647
2013-12-11,8.5094
2013-12-12,8.6318
2013-12-13,9.2027
2013-12-14,8.9038
2013-12-15,9.0265
2013-12-16,9.2377
2013-12-17,8.8951
2013-12-18,8.6429
2013-12-19,8.1298
2013-12-20,8.2918
2013-12-21,8.0980
2013-12-22,9.5188
2013-12-23,9.9047
2013-12-24,8.9373
2013-12-25,8.5789
2013-12-26,8.7159
2013-12-27,8.4890
2013-12-28,8.5057
2013-12-29,9.3001
2013-12-30,10.1462
2013-12-31,9.1771
2014-01-01,8.8356
2014-01-02,8.8329
2014-01-03,8.9231
2014-01-04,8.8933
2014-01-05,8.6026
2014-01-06,8.7970
2014-01-07,8.9914
2014-01-08,8.8069
2014-01-09,8.8541
2014-01-10,8.9310
2014-01-11,8.8528
2014-01-12,10.6933
2014-01-13,11.3076
2014-01-14,9.8375
2014-01-15,9.6051
2014-01-16,9.7454
2014-01-17,9.6756
2014-01-18,9.4347
2014-01-19,11.5036
2014-01-20,11.9768
2014-01-21,10.5426
2014-01-22,10.0043
2014-01-23,9.7328
2014-01-24,9.8665
2014-01-25,9.3709
2014-01-26,9.4905
2014-01-27,10.1392
2014-01-28,9.9998
2014-01-29,10.0327
2014-01-30,10.3804
2014-01-31,10.4531
2014-02-01,10.2401
2014-02-02,11.7605
2014-02-03,12.8467
2014-02-04,10.7669
2014-02-05,9.8452
2014-02-06,9.2904
2014-02-07,9.1033
2014-02-08,8.7957
2014-02-09,8.6234
2014-02-10,8.4183
2014-02-11,8.3109
2014-02-12,8.2362
2014-02-13,8.1312
2014-02-14,7.9277
2014-02-15,7.7592
2014-02-16,7.7267
2014-02-17,7.8352
2014-02-18,7.8842
2014-02-19,7.9146
2014-02-20,7.9255
2014-02-21,7.7532
2014-02-22,7.5088
2014-02-23,7.5575
2014-02-24,7.8026
2014-02-25,7.6839
2014-02-26,7.9845
2014-02-27,7.8517
2014-02-28,7.6848
2014-03-01,7.3376
2014-03-02,7.4037
2014-03-03,7.8679
2014-03-04,7.8984
2014-03-05,7.5843
2014-03-06,7.7142
2014-03-07,7.8895
2014-03-08,7.3258
2014-03-09,7.4889
2014-03-10,7.5538
2014-03-11,7.6700
2014-03-12,7.9882
2014-03-13,8.0044
2014-03-14,7.6511
2014-03-15,7.4866
2014-03-16,7.4495
2014-03-17,7.5954
2014-03-18,7.6099
2014-03-19,7.5480
2014-03-20,7.6178
2014-03-21,7.5954
2014-03-22,7.3467
2014-03-23,7.4012
2014-03-24,8.0932
2014-03-25,7.9237
2014-03-26,7.6907
2014-03-27,8.4390
2014-03-28,7.7824
2014-03-29,7.3085
2014-03-30,7.2619
2014-03-31,7.4372
2014-04-01,7.5401
2014-04-02,7.5853
2014-04-03,7.6089
2014-04-04,7.4645
2014-04-05,7.1570
2014-04-06,7.4877
2014-04-07,7.4489
2014-04-08,7.4702
2014-04-09,7.4360
2014-04-10,7.5219
2014-04-11,7.4103
2014-04-12,7.1562
2014-04-13,7.1381
2014-04-14,7.3626
2014-04-15,7.5170
2014-04-16,7.6173
2014-04-17,7.4955
2014-04-18,7.3920
2014-04-19,7.1747
2014-04-20,8.0913
2014-04-21,7.5153
2014-04-22,7.8458
2014-04-23,7.6912
2014-04-24,7.8348
2014-04-25,7.6774
2014-04-26,7.2485
2014-04-27,7.4025
2014-04-28,7.6944
2014-04-29,7.8260
2014-04-30,7.6118
2014-05-01,7.5137
2014-05-02,7.6760
2014-05-03,7.2406
2014-05-04,7.6554
2014-05-05,8.1394
2014-05-06,8.3749
2014-05-07,7.9017
2014-05-08,8.0239
2014-05-09,8.7502
2014-05-10,8.0818
2014-05-11,7.7044
2014-05-12,7.8683
2014-05-13,7.8196
2014-05-14,7.7609
2014-05-15,7.6672
2014-05-16,7.6343
2014-05-17,7.3512
2014-05-18,7.5893
2014-05-19,7.9102
2014-05-20,7.8548
2014-05-21,7.6468
2014-05-22,7.4916
2014-05-23,7.5235
2014-05-24,7.0353
2014-05-25,7.0656
2014-05-26,7.2298
2014-05-27,7.5082
2014-05-28,8.3116
2014-05-29,8.0140
2014-05-30,7.4972
2014-05-31,7.8316
2014-06-01,7.1515
2014-06-02,7.4110
2014-06-03,7.6309
2014-06-04,7.4759
2014-06-05,7.5883
2014-06-06,7.2464
2014-06-07,7.1033
2014-06-08,7.1041
2014-06-09,7.1929
2014-06-10,7.4012
2014-06-11,7.4396
2014-06-12,7.7080
2014-06-13,7.3505
2014-06-14,7.3225
2014-06-15,7.2855
2014-06-16,7.3677
2014-06-17,7.2675
2014-06-18,7.2248
2014-06-19,7.2226
2014-06-20,7.3518
2014-06-21,6.9754
2014-06-22,7.0432
2014-06-23,7.4810
2014-06-24,7.2034
2014-06-25,7.2240
2014-06-26,7.1131
2014-06-27,7.0792
2014-06-28,6.8855
2014-06-29,6.8742
2014-06-30,7.7231
2014-07-01,7.4967
2014-07-02,7.2240
2014-07-03,7.2724
2014-07-04,7.0792
2014-07-05,6.8544
2014-07-06,6.9305
2014-07-07,7.1562
2014-07-08,7.3146
2014-07-09,7.2269
2014-07-10,7.6568
2014-07-11,7.5401
2014-07-12,7.2101
2014-07-13,7.2499
2014-07-14,7.2944
2014-07-15,7.5191
2014-07-16,7.4224
2014-07-17,8.2236
2014-07-18,7.4928
2014-07-19,7.2248
2014-07-20,7.2563
2014-07-21,7.4489
2014-07-22,7.6554
2014-07-23,7.6714
2014-07-24,7.9241
2014-07-25,7.8010
2014-07-26,7.4565
2014-07-27,7.3626
2014-07-28,8.2131
2014-07-29,8.2364
2014-07-30,7.9215
2014-07-31,7.7450
2014-08-01,7.5781
2014-08-02,7.5668
2014-08-03,7.6582
2014-08-04,8.2708
2014-08-05,7.8030
2014-08-06,7.6227
2014-08-07,7.7003
2014-08-08,8.0586
2014-08-09,7.6411
2014-08-10,7.8364
2014-08-11,8.3736
2014-08-12,8.6094
2014-08-13,8.1772
2014-08-14,8.0369
2014-08-15,7.9533
2014-08-16,7.7849
2014-08-17,8.0737
2014-08-18,8.2805
2014-08-19,8.1992
2014-08-20,8.0003
2014-08-21,7.8872
2014-08-22,7.8372
2014-08-23,7.9797
2014-08-24,8.5184
2014-08-25,8.3563
2014-08-26,7.9324
2014-08-27,7.8368
2014-08-28,8.1870
2014-08-29,8.5372
2014-08-30,8.0265
2014-08-31,7.9728
2014-09-01,8.3745
2014-09-02,8.2532
2014-09-03,8.4459
2014-09-04,8.4927
2014-09-05,8.8391
2014-09-06,8.0759
2014-09-07,8.7502
2014-09-08,10.7024
2014-09-09,10.0600
2014-09-10,8.7932
2014-09-11,8.7144
2014-09-12,9.0563
2014-09-13,8.6216
2014-09-14,9.9614
2014-09-15,9.7086
2014-09-16,9.1964
2014-09-17,8.6143
2014-09-18,8.8890
2014-09-19,9.0163
2014-09-20,8.1992
2014-09-21,9.1622
2014-09-22,9.6075
2014-09-23,8.4429
2014-09-24,8.1574
2014-09-25,8.1845
2014-09-26,8.8390
2014-09-27,8.2128
2014-09-28,8.3362
2014-09-29,8.5904
2014-09-30,8.7013
2014-10-01,8.2664
2014-10-02,8.2746
2014-10-03,8.3664
2014-10-04,8.0353
2014-10-05,9.2315
2014-10-06,9.9647
2014-10-07,8.8455
2014-10-08,8.6730
2014-10-09,8.4007
2014-10-10,8.5804
2014-10-11,8.0206
2014-10-12,9.1075
2014-10-13,9.4384
2014-10-14,8.5013
2014-10-15,8.3134
2014-10-16,8.3255
2014-10-17,8.4764
2014-10-18,8.2011
2014-10-19,8.7005
2014-10-20,11.2745
2014-10-21,9.6076
2014-10-22,8.8786
2014-10-23,8.7659
2014-10-24,9.8564
2014-10-25,8.4342
2014-10-26,8.8034
2014-10-27,9.3818
2014-10-28,8.7603
2014-10-29,8.5551
2014-10-30,8.4688
2014-10-31,8.5313
2014-11-01,8.0456
2014-11-02,9.0902
2014-11-03,9.4541
2014-11-04,9.0591
2014-11-05,8.2595
2014-11-06,8.1895
2014-11-07,8.1953
2014-11-08,7.6939
2014-11-09,8.2900
2014-11-10,9.0329
2014-11-11,8.3827
2014-11-12,8.2180
2014-11-13,8.1247
2014-11-14,8.0469
2014-11-15,7.5730
2014-11-16,8.3986
2014-11-17,8.7114
2014-11-18,8.2511
2014-11-19,7.9923
2014-11-20,8.0054
2014-11-21,8.0809
2014-11-22,7.5283
2014-11-23,8.2025
2014-11-24,9.0744
2014-11-25,8.2147
2014-11-26,7.9680
2014-11-27,8.1283
2014-11-28,7.9537
2014-11-29,7.6667
2014-11-30,7.9655
2014-12-01,9.1422
2014-12-02,8.2870
2014-12-03,8.2832
2014-12-04,8.3010
2014-12-05,8.3880
2014-12-06,7.7098
2014-12-07,8.1110
2014-12-08,8.7456
2014-12-09,8.3914
2014-12-10,8.1197
2014-12-11,8.2359
2014-12-12,8.1068
2014-12-13,7.7120
2014-12-14,8.4253
2014-12-15,8.8494
2014-12-16,8.4931
2014-12-17,8.1741
2014-12-18,8.1023
2014-12-19,7.8336
2014-12-20,7.5229
2014-12-21,7.9102
2014-12-22,8.3654
2014-12-23,9.0606
2014-12-24,8.1792
2014-12-25,8.0163
2014-12-26,8.1032
2014-12-27,7.8144
2014-12-28,8.3880
2014-12-29,8.7481
2014-12-30,8.3129
2014-12-31,7.9233
2015-01-01,7.8466
2015-01-02,8.3020
2015-01-03,8.4362
2015-01-04,8.9346
2015-01-05,8.8886
2015-01-06,8.6642
2015-01-07,8.5000
2015-01-08,8.4183
2015-01-09,8.4722
2015-01-10,8.3072
2015-01-11,9.8866
2015-01-12,10.6950
2015-01-13,9.7602
2015-01-14,9.1101
2015-01-15,8.7995
2015-01-16,8.7831
2015-01-17,8.4299
2015-01-18,8.8788
2015-01-19,9.7594
2015-01-20,8.9521
2015-01-21,8.6611
2015-01-22,8.5849
2015-01-23,8.3966
2015-01-24,7.9237
2015-01-25,8.0855
2015-01-26,8.3589
2015-01-27,8.3035
2015-01-28,8.2779
2015-01-29,8.3636
2015-01-30,8.5982
2015-01-31,8.0812
2015-02-01,9.0344
2015-02-02,10.2832
2015-02-03,9.2732
2015-02-04,8.7141
2015-02-05,8.4738
2015-02-06,8.2335
2015-02-07,7.8842
2015-02-08,7.8128
2015-02-09,7.9313
2015-02-10,8.4145
2015-02-11,8.1565
2015-02-12,7.8571
2015-02-13,7.9099
2015-02-14,7.8091
2015-02-15,7.5077
2015-02-16,8.2039
2015-02-17,7.8216
2015-02-18,7.8038
2015-02-19,7.7609
2015-02-20,7.7035
2015-02-21,8.0612
2015-02-22,7.3505
2015-02-23,7.4838
2015-02-24,7.5406
2015-02-25,7.6967
2015-02-26,7.5038
2015-02-27,7.3982
2015-02-28,7.0423
2015-03-01,7.0527
2015-03-02,7.3626
2015-03-03,7.6232
2015-03-04,7.7952
2015-03-05,8.4268
2015-03-06,7.9168
2015-03-07,7.2363
2015-03-08,7.2064
2015-03-09,7.5564
2015-03-10,7.5827
2015-03-11,7.6829
2015-03-12,7.6069
2015-03-13,7.7035
2015-03-14,7.1515
2015-03-15,7.0405
2015-03-16,7.3389
2015-03-17,7.4844
2015-03-18,7.3518
2015-03-19,7.4236
2015-03-20,7.2917
2015-03-21,6.8167
2015-03-22,6.9108
2015-03-23,7.3212
2015-03-24,7.9916
2015-03-25,7.7129
2015-03-26,7.2828
2015-03-27,7.3059
2015-03-28,6.9058
2015-03-29,7.8732
2015-03-30,7.0859
2015-03-31,7.2710
2015-04-01,7.2138
2015-04-02,7.1663
2015-04-03,7.2130
2015-04-04,6.8298
2015-04-05,6.8013
2015-04-06,7.1577
2015-04-07,7.0458
2015-04-08,7.0917
2015-04-09,7.2342
2015-04-10,7.2800
2015-04-11,6.6970
2015-04-12,7.0282
2015-04-13,7.1747
2015-04-14,7.2233
2015-04-15,7.3369
2015-04-16,7.3620
2015-04-17,7.2633
2015-04-18,6.8112
2015-04-19,7.3185
2015-04-20,7.6401
2015-04-21,7.4055
2015-04-22,7.5725
2015-04-23,7.4855
2015-04-24,7.3330
2015-04-25,7.2056
2015-04-26,7.0909
2015-04-27,7.3265
2015-04-28,7.3556
2015-04-29,7.4634
2015-04-30,7.5673
2015-05-01,7.7498
2015-05-02,7.1444
2015-05-03,6.8997
2015-05-04,7.3311
2015-05-05,7.2211
2015-05-06,7.7376
2015-05-07,7.3633
2015-05-08,7.2910
2015-05-09,7.0388
2015-05-10,6.9324
2015-05-11,7.3059
2015-05-12,7.6862
2015-05-13,7.4793
2015-05-14,7.2696
2015-05-15,7.3092
2015-05-16,6.7405
2015-05-17,6.8057
2015-05-18,7.1428
2015-05-19,7.1869
2015-05-20,7.1405
2015-05-21,8.7616
2015-05-22,8.2794
2015-05-23,7.4372
2015-05-24,7.1601
2015-05-25,7.0414
2015-05-26,7.1747
2015-05-27,7.4128
2015-05-28,7.2563
2015-05-29,7.2848
2015-05-30,6.7262
2015-05-31,6.9324
2015-06-01,7.0741
2015-06-02,7.2027
2015-06-03,7.1647
2015-06-04,7.0673
2015-06-05,6.9068
2015-06-06,6.6771
2015-06-07,6.5177
2015-06-08,7.0432
2015-06-09,7.0432
2015-06-10,6.9177
2015-06-11,7.0579
2015-06-12,6.8554
2015-06-13,6.6438
2015-06-14,6.5250
2015-06-15,6.8906
2015-06-16,6.9266
2015-06-17,7.0049
2015-06-18,6.8732
2015-06-19,6.8906
2015-06-20,6.4425
2015-06-21,6.8352
2015-06-22,7.2724
2015-06-23,7.0775
2015-06-24,7.3441
2015-06-25,7.2917
2015-06-26,7.2717
2015-06-27,7.4547
2015-06-28,6.6921
2015-06-29,6.9632
2015-06-30,7.0166
2015-07-01,6.7912
2015-07-02,6.8200
2015-07-03,6.6187
2015-07-04,6.4739
2015-07-05,6.4998
2015-07-06,6.8596
2015-07-07,6.8814
2015-07-08,6.9976
2015-07-09,7.1523
2015-07-10,7.1967
2015-07-11,6.7081
2015-07-12,6.9829
2015-07-13,7.1285
2015-07-14,7.0892
2015-07-15,7.1989
2015-07-16,8.0907
2015-07-17,7.3939
2015-07-18,7.0501
2015-07-19,7.1952
2015-07-20,7.4413
2015-07-21,7.4176
2015-07-22,7.4742
2015-07-23,7.3926
2015-07-24,7.1854
2015-07-25,6.8648
2015-07-26,6.8341
2015-07-27,7.2876
2015-07-28,7.2240
2015-07-29,7.2442
2015-07-30,7.3065
2015-07-31,7.3172
2015-08-01,6.9584
2015-08-02,6.8255
2015-08-03,7.1816
2015-08-04,7.2766
2015-08-05,7.2710
2015-08-06,7.8244
2015-08-07,7.4194
2015-08-08,7.0076
2015-08-09,7.0733
2015-08-10,7.2654
2015-08-11,7.6024
2015-08-12,7.5575
2015-08-13,7.5822
2015-08-14,7.2896
2015-08-15,7.3304
2015-08-16,7.2211
2015-08-17,7.4313
2015-08-18,7.7502
2015-08-19,7.6300
2015-08-20,7.7306
2015-08-21,7.8240
2015-08-22,7.2262
2015-08-23,7.4770
2015-08-24,7.8633
2015-08-25,7.9491
2015-08-26,7.7698
2015-08-27,7.5797
2015-08-28,7.5491
2015-08-29,7.2917
2015-08-30,7.7899
2015-08-31,7.6568
2015-09-01,7.5348
2015-09-02,7.6653
2015-09-03,8.0665
2015-09-04,8.1493
2015-09-05,7.7253
2015-09-06,7.7174
2015-09-07,7.6779
2015-09-08,7.8951
2015-09-09,8.0799
2015-09-10,8.1934
2015-09-11,8.6651
2015-09-12,7.8446
2015-09-13,8.7791
2015-09-14,9.0587
2015-09-15,8.4218
2015-09-16,8.0722
2015-09-17,8.4047
2015-09-18,9.7218
2015-09-19,8.1140
2015-09-20,8.4308
2015-09-21,8.5489
2015-09-22,8.3229
2015-09-23,8.0084
2015-09-24,8.1200
2015-09-25,8.5826
2015-09-26,7.6099
2015-09-27,8.4121
2015-09-28,9.5410
2015-09-29,8.5595
2015-09-30,8.1444
2015-10-01,7.9913
2015-10-02,7.8853
2015-10-03,7.4599
2015-10-04,8.3752
2015-10-05,8.7268
2015-10-06,8.0753
2015-10-07,7.8006
2015-10-08,7.7498
2015-10-09,7.9197
2015-10-10,7.3563
2015-10-11,8.1730
2015-10-12,8.2170
2015-10-13,8.2610
2015-10-14,7.8466
2015-10-15,7.7402
2015-10-16,7.8304
2015-10-17,7.3614
2015-10-18,8.2988
2015-10-19,8.7418
2015-10-20,8.3971
2015-10-21,7.7782
2015-10-22,7.9338
2015-10-23,7.8602
2015-10-24,7.9424
2015-10-25,8.1981
2015-10-26,8.4290
2015-10-27,8.0567
2015-10-28,7.8112
2015-10-29,7.7866
2015-10-30,8.1086
2015-10-31,7.6212
2015-11-01,8.0929
2015-11-02,9.3922
2015-11-03,8.4532
2015-11-04,8.0944
2015-11-05,7.9913
2015-11-06,8.3282
2015-11-07,7.6411
2015-11-08,8.4863
2015-11-09,9.1636
2015-11-10,8.1884
2015-11-11,7.8264
2015-11-12,7.9607
2015-11-13,7.6723
2015-11-14,7.1632
2015-11-15,7.9021
2015-11-16,9.6343
2015-11-17,8.8482
2015-11-18,8.3832
2015-11-19,8.1645
2015-11-20,8.0529
2015-11-21,7.5611
2015-11-22,8.2563
2015-11-23,8.6728
2015-11-24,8.3065
2015-11-25,8.0590
2015-11-26,7.8725
2015-11-27,8.1953
2015-11-28,7.5914
2015-11-29,8.0216
2015-11-30,12.1497
2015-12-01,11.5230
2015-12-02,8.7118
2015-12-03,8.0561
2015-12-04,8.0815
2015-12-05,7.4588
2015-12-06,8.0140
2015-12-07,8.4968
2015-12-08,7.9810
2015-12-09,7.7778
2015-12-10,8.2602
2015-12-11,7.8663
2015-12-12,7.3106
2015-12-13,7.7182
2015-12-14,8.3195
2015-12-15,8.2367
2015-12-16,7.8075
2015-12-17,7.5919
2015-12-18,7.5289
2015-12-19,7.1717
2015-12-20,7.8913
2015-12-21,8.3601
2015-12-22,8.1104
2015-12-23,7.7753
2015-12-24,7.3473
2015-12-25,7.3018
2015-12-26,7.1204
2015-12-27,8.8788
2015-12-28,9.2506
2015-12-29,9.2479
2015-12-30,8.3914
2015-12-31,8.0047
2016-01-01,7.5893
2016-01-02,7.8252
2016-01-03,8.2493
2016-01-04,9.2951
2016-01-05,8.5683
2016-01-06,8.3526
2016-01-07,8.2958
2016-01-08,8.2903
2016-01-09,7.7857
2016-01-10,8.2817
2016-01-11,8.4707
2016-01-12,8.1351
2016-01-13,8.0671
2016-01-14,8.0236
2016-01-15,8.0219
2016-01-16,7.8172
2016-01-17,9.2739
2016-01-18,10.3338
2016-01-19,9.1259
2016-01-20,8.8914
